,,,,,Games,,Passing,,,,,Rushing,,,,Receiving,,,,,Fumbles,,Scoring,,,Fantasy,,,,,,
Rk,Player,Tm,FantPos,Age,G,GS,Cmp,Att,Yds,TD,Int,Att,Yds,Y/A,TD,Tgt,Rec,Yds,Y/R,TD,Fmb,FL,TD,2PM,2PP,FantPt,PPR,DKPt,FDPt,VBD,PosRank,OvRank
1,Todd Gurley*+,LAR,RB,23,15,15,0,0,0,0,0,279,1305,4.68,13,87,64,788,12.31,6,5,2,19,,,319,383.3,391.3,351.3,192,1,1
2,Le'Veon Bell*+,PIT,RB,25,15,15,0,0,0,0,0,321,1291,4.02,9,106,85,655,7.71,2,3,2,11,,,257,341.6,349.6,299.1,130,2,2
3,Kareem Hunt*,KAN,RB,22,16,16,0,0,0,0,0,272,1327,4.88,8,63,53,455,8.58,3,1,1,11,,,242,295.2,302.2,268.7,115,3,3
4,Alvin Kamara*,NOR,RB,22,16,3,0,0,0,0,0,120,728,6.07,8,100,81,826,10.2,5,1,1,14,1,,239,320.4,327.4,279.9,112,4,4
5,Melvin Gordon,LAC,RB,24,16,16,0,0,0,0,0,284,1105,3.89,8,83,58,476,8.21,4,1,0,12,,,230,288.1,294.1,259.1,103,5,5
6,DeAndre Hopkins*+,HOU,WR,25,15,15,0,0,0,0,0,0,0,,0,174,96,1378,14.35,13,1,1,13,,,214,309.8,313.8,261.8,103,1,6
7,Antonio Brown*+,PIT,WR,29,14,14,0,0,0,0,0,0,0,,0,163,101,1533,15.18,9,4,0,9,1,,209,310.3,313.3,259.8,98,2,7
8,Mark Ingram*,NOR,RB,28,16,13,0,0,0,0,0,230,1124,4.89,12,71,58,416,7.17,0,3,3,12,,,220,278,287,249,93,6,8
9,Russell Wilson*,SEA,QB,29,16,16,339,553,3983,34,11,95,586,6.17,3,0,0,0,,0,14,3,3,,2,348,347.9,367.9,358.9,93,1,9
10,LeSean McCoy*,BUF,RB,29,16,16,0,0,0,0,0,287,1138,3.97,6,77,59,448,7.59,2,3,1,8,,,205,263.6,270.6,234.1,78,7,10
11,Rob Gronkowski*+,NWE,TE,28,14,14,0,0,0,0,0,0,0,,0,105,69,1084,15.71,8,1,0,8,1,,158,227.4,230.4,192.9,77,1,11
12,Travis Kelce*,KAN,TE,28,15,15,0,1,0,0,1,2,7,3.5,0,122,83,1038,12.51,8,0,0,8,,,151,233.5,237.5,193,69,2,12
13,Leonard Fournette,JAX,RB,22,13,13,0,0,0,0,0,268,1040,3.88,9,48,36,302,8.39,1,2,0,10,,,194,230.2,236.2,212.2,67,8,13
14,Keenan Allen*,LAC,WR,25,16,15,0,0,0,0,0,2,9,4.5,0,159,102,1393,13.66,6,1,0,7,,,176,278.2,287.2,233.2,65,3,14
15,Tyreek Hill*,KAN,WR,23,15,13,0,1,0,0,1,17,59,3.47,0,105,75,1183,15.77,7,2,0,8,,,170,245.2,249.2,208.7,59,4,15
16,Marvin Jones,DET,WR,27,16,16,0,0,0,0,0,0,0,,0,107,61,1101,18.05,9,0,0,9,,,164,225.1,228.1,194.6,53,5,16
17,Julio Jones*,ATL,WR,28,16,16,0,0,0,0,0,1,15,15,0,148,88,1444,16.41,3,0,0,3,,,164,251.9,254.9,207.9,53,6,17
18,Ezekiel Elliott,DAL,RB,22,10,10,0,0,0,0,0,242,983,4.06,7,38,26,269,10.35,2,1,1,9,,,177,203.2,210.2,190.2,50,9,18
19,Jordan Howard,CHI,RB,23,16,16,0,0,0,0,0,276,1122,4.07,9,32,23,125,5.43,0,1,1,9,,,177,199.7,206.7,188.2,50,10,19
20,Carlos Hyde,SFO,RB,27,16,16,0,0,0,0,0,240,938,3.91,8,88,59,350,5.93,0,2,1,8,,,175,233.8,240.8,204.3,48,11,20
21,Zach Ertz*,PHI,TE,27,14,13,0,0,0,0,0,0,0,,0,110,74,824,11.14,8,1,1,8,,,128,202.4,206.4,165.4,47,3,21
22,Brandin Cooks,NWE,WR,24,16,15,0,0,0,0,0,9,40,4.44,0,114,65,1082,16.65,7,0,0,7,1,,156,221.2,224.2,188.7,45,7,22
23,Cam Newton,CAR,QB,28,16,16,291,492,3302,22,16,139,754,5.42,6,0,0,0,,0,9,1,6,1,,299,299.5,322.5,315.5,44,2,23
24,Dion Lewis,NWE,RB,27,16,8,0,0,0,0,0,180,896,4.98,6,35,32,214,6.69,3,0,0,10,,,171,203,209,187,44,12,24
25,Michael Thomas*,NOR,WR,24,16,14,0,0,0,0,0,0,0,,0,149,104,1245,11.97,5,0,0,5,,,155,258.5,261.5,206.5,44,8,25
26,Larry Fitzgerald*,ARI,WR,34,16,16,1,1,21,0,0,0,0,,0,161,109,1156,10.61,6,1,1,6,1,,152,261.4,265.4,206.9,41,9,26
27,A.J. Green*,CIN,WR,29,16,16,0,0,0,0,0,0,0,,0,143,75,1078,14.37,8,2,2,8,,,152,226.8,231.8,189.3,41,10,27
28,Tom Brady*+,NWE,QB,40,16,16,385,581,4577,32,8,25,28,1.12,0,0,0,0,,0,7,3,0,,2,296,295.9,309.9,303.9,41,3,28
29,Alex Smith*,KAN,QB,33,15,15,341,505,4042,26,5,60,355,5.92,1,0,0,0,,0,2,1,1,,,295,295.2,307.2,300.2,40,4,29
30,Adam Thielen*,MIN,WR,27,16,16,0,0,0,0,0,1,11,11,0,142,91,1276,14.02,4,3,2,4,,,149,239.7,244.7,194.2,38,11,30
31,Davante Adams*,GNB,WR,25,14,14,0,0,0,0,0,0,0,,0,117,74,885,11.96,10,0,0,10,,,149,222.5,225.5,185.5,38,12,31
32,Doug Baldwin*,SEA,WR,29,16,16,0,0,0,0,0,2,-8,-4,0,116,75,991,13.21,8,0,0,8,1,,148,223.3,226.3,185.8,37,13,32
33,Devonta Freeman,ATL,RB,25,14,14,0,0,0,0,0,196,865,4.41,7,47,36,317,8.81,1,4,1,8,,,164,200.2,207.2,182.2,37,13,33
34,Jarvis Landry*,MIA,WR,25,16,16,0,1,0,0,0,1,-7,-7,0,161,112,987,8.81,9,4,2,9,,,148,260,265,204,37,14,34
35,Jimmy Graham*,SEA,TE,31,16,13,0,0,0,0,0,0,0,,0,96,57,520,9.12,10,0,0,10,1,,114,171,174,142.5,32,4,35
36,Lamar Miller,HOU,RB,26,16,13,0,0,0,0,0,238,888,3.73,3,45,36,327,9.08,3,1,0,6,,,158,193.5,199.5,175.5,30,14,36
37,JuJu Smith-Schuster,PIT,WR,21,14,7,0,0,0,0,0,0,0,,0,79,58,917,15.81,7,0,0,8,,,140,197.7,200.7,168.7,29,15,37
38,Alshon Jeffery,PHI,WR,27,16,16,0,0,0,0,0,0,0,,0,120,57,789,13.84,9,0,0,9,3,,139,195.9,198.9,167.4,28,16,38
39,Evan Engram,NYG,TE,23,15,11,0,0,0,0,0,1,14,14,0,115,64,722,11.28,6,0,0,6,,,110,173.6,176.6,141.6,28,5,39
40,Carson Wentz*,PHI,QB,25,13,13,265,440,3296,33,7,64,299,4.67,0,0,0,0,,0,9,3,0,,4,282,281.7,297.7,288.7,26,5,40
41,Robby Anderson,NYJ,WR,24,16,15,0,0,0,0,0,3,9,3,0,114,63,941,14.94,7,0,0,7,,,137,200,203,168.5,26,17,41
42,Stefon Diggs,MIN,WR,24,14,14,0,0,0,0,0,8,13,1.63,0,95,64,849,13.27,8,0,0,8,,,134,198.2,201.2,166.2,23,18,42
43,Kirk Cousins,WAS,QB,29,16,16,347,540,4093,27,13,49,179,3.65,4,0,0,0,,0,13,5,4,,,278,277.6,301.6,290.6,22,6,43
44,Christian McCaffrey,CAR,RB,21,16,10,0,0,0,0,0,117,435,3.72,2,113,80,651,8.14,5,2,1,7,,,149,228.6,235.6,188.6,22,15,44
45,Golden Tate,DET,WR,29,16,12,0,0,0,0,0,5,22,4.4,0,120,92,1003,10.9,5,1,1,5,,1,133,224.5,228.5,178.5,22,19,45
46,Mike Evans,TAM,WR,24,15,15,0,0,0,0,0,0,0,,0,136,71,1001,14.1,5,1,0,5,1,,132,203.1,206.1,167.6,21,20,46
47,Devin Funchess,CAR,WR,23,16,16,0,0,0,0,0,0,0,,0,111,63,840,13.33,8,0,0,8,,,132,195,198,163.5,21,21,47
48,Alex Collins,BAL,RB,23,15,12,0,0,0,0,0,212,973,4.59,6,36,23,187,8.13,0,4,2,6,,,148,171,179,159.5,21,16,48
49,C.J. Anderson,DEN,RB,26,16,16,0,0,0,0,0,245,1007,4.11,3,40,28,224,8,1,1,1,4,1,,147,175.1,182.1,161.1,20,17,49
50,Kyle Rudolph*,MIN,TE,28,16,16,0,0,0,0,0,0,0,,0,81,57,532,9.33,8,0,0,8,,,101,158.2,161.2,129.7,19,6,50
51,Delanie Walker*,TEN,TE,33,16,11,0,0,0,0,0,2,-2,-1,1,111,74,807,10.91,3,2,2,4,,,101,174.5,179.5,137.5,19,7,51
52,Matthew Stafford,DET,QB,29,16,16,371,565,4446,29,10,29,98,3.38,0,0,0,0,,0,11,7,0,1,1,274,273.6,293.6,283.6,18,7,52
53,Frank Gore,IND,RB,34,16,16,0,0,0,0,0,261,961,3.68,3,38,29,245,8.45,1,3,0,4,,,145,173.6,179.6,159.1,18,18,53
54,Marshawn Lynch,OAK,RB,31,15,15,0,0,0,0,0,207,891,4.3,7,31,20,151,7.55,0,1,1,7,,,144,164.2,171.2,154.2,17,19,54
55,Latavius Murray,MIN,RB,27,16,11,0,0,0,0,0,216,842,3.9,8,17,15,103,6.87,0,1,0,8,,,143,157.5,163.5,150,15,20,55
56,Philip Rivers*,LAC,QB,36,16,16,360,575,4515,28,10,18,-2,-0.11,0,0,0,0,,0,8,1,0,,,270,270.4,284.4,280.4,15,8,56
57,Duke Johnson,CLE,RB,24,16,0,0,0,0,0,0,82,348,4.24,4,93,74,693,9.36,3,4,2,7,,,142,216.1,224.1,179.1,15,21,57
58,Nelson Agholor,PHI,WR,24,16,10,0,0,0,0,0,1,7,7,0,95,62,768,12.39,8,0,0,9,,,126,187.5,196.5,162.5,15,22,58
59,Tevin Coleman,ATL,RB,24,15,3,0,0,0,0,0,156,628,4.03,5,39,27,299,11.07,3,1,0,8,,,141,167.7,173.7,154.2,14,22,59
60,Cameron Brate,TAM,TE,26,16,6,0,0,0,0,0,0,0,,0,77,48,591,12.31,6,1,0,6,,,95,143.1,146.1,119.1,13,8,60
61,Demaryius Thomas,DEN,WR,30,16,16,0,0,0,0,0,0,0,,0,140,83,949,11.43,5,1,1,5,,,123,205.9,209.9,164.4,12,23,61
62,T.Y. Hilton*,IND,WR,28,16,16,0,0,0,0,0,0,0,,0,109,57,966,16.95,4,2,1,4,,,119,175.6,179.6,147.1,8,24,62
63,Drew Brees*,NOR,QB,38,16,16,386,536,4334,23,8,33,12,0.36,2,0,0,0,,0,5,0,2,,,263,262.6,273.6,270.6,7,9,63
64,Jack Doyle*,IND,TE,27,15,15,0,0,0,0,0,0,0,,0,108,80,690,8.63,4,2,2,4,,,89,169,174,129,7,9,64
65,Dez Bryant,DAL,WR,29,16,16,0,0,0,0,0,1,-4,-4,0,132,69,838,12.14,6,1,1,6,,,117,186.4,190.4,151.9,6,25,65
66,Kenny Stills,MIA,WR,25,16,16,0,0,0,0,0,0,0,,0,105,58,847,14.6,6,4,2,6,,,117,174.7,179.7,145.7,6,26,66
67,Ben Roethlisberger*,PIT,QB,35,15,15,360,561,4251,28,14,28,47,1.68,0,0,0,0,,0,3,1,0,,2,261,260.7,278.7,274.7,5,10,67
68,Dak Prescott,DAL,QB,24,16,16,308,490,3324,22,13,57,357,6.26,6,0,0,0,,0,4,3,6,,,261,260.7,282.7,273.7,5,11,68
69,DeMarco Murray,TEN,RB,29,15,15,0,0,0,0,0,184,659,3.58,6,47,39,266,6.82,1,1,1,7,,,133,171.5,178.5,152,5,23,69
70,Cooper Kupp,LAR,WR,24,15,6,0,1,0,0,0,0,0,,0,94,62,869,14.02,5,1,1,5,,,115,176.9,180.9,145.9,4,27,70
71,Michael Crabtree,OAK,WR,30,14,14,0,0,0,0,0,0,0,,0,101,58,618,10.66,8,1,0,8,2,,114,171.8,174.8,142.8,3,28,71
72,Jason Witten*,DAL,TE,35,16,16,0,0,0,0,0,0,0,,0,87,63,560,8.89,5,1,1,5,,,84,147,151,115.5,2,10,72
73,Marquise Goodwin,SFO,WR,27,16,16,0,0,0,0,0,4,44,11,0,105,56,962,17.18,2,0,0,2,,,113,168.6,171.6,140.6,2,29,73
74,Tyler Kroft,CIN,TE,25,16,16,0,0,0,0,0,0,0,,0,62,42,404,9.62,7,0,0,7,,,82,124.4,127.4,103.4,1,11,74
75,Jermaine Kearse,NYJ,WR,27,16,14,0,0,0,0,0,0,0,,0,102,65,810,12.46,5,1,0,5,,,111,176,179,143.5,,30,75
76,Jared Goff*,LAR,QB,23,15,15,296,477,3804,28,7,28,51,1.82,1,0,0,0,,0,8,3,1,,,255,255.3,268.3,262.3,,12,76
77,Hunter Henry,LAC,TE,23,14,13,0,0,0,0,0,0,0,,0,62,45,579,12.87,4,0,0,4,,,82,126.9,129.9,104.4,,12,77
78,Alex Armah,CAR,,23,9,0,0,0,0,0,0,0,0,,0,0,0,0,,0,0,0,0,,,,,,,,1,78
79,Blake Bortles,JAX,QB,25,16,16,315,523,3687,21,13,57,322,5.65,2,0,0,0,,0,9,3,2,,3,250,249.7,271.7,262.7,,13,
80,Case Keenum,MIN,QB,29,15,14,325,481,3547,22,7,40,160,4,1,0,0,0,,0,1,1,1,,1,238,237.9,251.9,244.9,,14,
81,Matt Ryan,ATL,QB,32,16,16,342,529,4095,20,12,32,143,4.47,0,0,0,0,,0,4,3,0,,,228,228.1,249.1,240.1,,15,
82,Tyrod Taylor,BUF,QB,28,15,14,263,420,2799,14,4,84,427,5.08,4,0,0,0,,0,4,2,4,,,223,222.7,234.7,226.7,,16,
83,Andy Dalton,CIN,QB,30,16,16,297,496,3320,25,12,38,99,2.61,0,0,0,0,,0,4,4,0,,,211,210.7,229.7,222.7,,17,
84,Marcus Mariota,TEN,QB,24,15,15,281,453,3232,13,15,60,312,5.2,5,0,0,0,,0,2,1,5,,,210,210.5,232.5,225.5,,18,
85,Jacoby Brissett,IND,QB,25,16,15,276,469,3098,13,7,63,260,4.13,4,0,0,0,,0,8,3,4,,,206,205.9,221.9,212.9,,20,
86,Derek Carr*,OAK,QB,26,15,15,323,515,3496,22,13,23,66,2.87,0,0,0,0,,0,8,3,0,,2,206,206.4,225.4,219.4,,19,
87,Josh McCown,NYJ,QB,38,13,13,267,397,2926,18,9,37,124,3.35,5,0,0,0,,0,11,4,5,,,205,205.4,224.4,214.4,,21,
88,Jameis Winston,TAM,QB,23,13,13,282,442,3504,19,11,33,135,4.09,1,0,0,0,,0,15,7,1,,1,202,201.7,225.7,212.7,,22,
89,Eli Manning,NYG,QB,36,15,15,352,571,3468,19,13,12,26,2.17,1,0,0,0,,0,11,5,1,,,187,187.3,208.3,200.3,,23,
90,Joe Flacco,BAL,QB,32,16,16,352,549,3141,18,13,25,54,2.16,1,0,0,0,,0,6,0,1,,1,185,185,201,198,,24,
91,DeShone Kizer,CLE,QB,21,15,15,255,476,2894,11,22,77,419,5.44,5,0,0,0,,0,9,6,5,,,176,175.7,209.7,197.7,,25,
92,Deshaun Watson,HOU,QB,22,7,6,126,204,1699,19,8,36,269,7.47,2,0,0,0,,0,3,1,2,1,1,169,168.9,183.9,176.9,,26,
93,Jay Cutler,MIA,QB,34,14,14,266,429,2666,19,14,19,32,1.68,0,0,0,0,,0,6,0,0,,,158,157.8,174.8,171.8,,27,
94,Mitchell Trubisky,CHI,QB,23,12,12,196,330,2193,7,7,41,248,6.05,2,0,0,0,,0,10,3,2,1,,135,134.5,150.5,141.5,,28,
95,Aaron Rodgers,GNB,QB,34,7,7,154,238,1675,16,6,24,126,5.25,0,0,0,0,,0,1,1,0,,,130,129.6,142.6,135.6,,29,
96,Jerick McKinnon,MIN,RB,25,16,1,0,0,0,0,0,150,570,3.8,3,68,51,421,8.25,2,3,2,5,1,,127,178.1,186.1,152.6,,24,
97,Trevor Siemian,DEN,QB,26,11,10,206,349,2285,12,14,31,127,4.1,1,0,0,0,,0,5,2,1,,,126,126.1,148.1,140.1,,30,
98,Derrick Henry,TEN,RB,23,16,2,0,0,0,0,0,176,744,4.23,5,17,11,136,12.36,1,1,0,6,,,124,135,141,129.5,,25,
99,Brett Hundley,GNB,QB,24,11,9,192,316,1836,9,12,36,270,7.5,2,1,1,10,10,0,4,2,2,,1,123,124.4,144.4,135.9,,31,
100,Bilal Powell,NYJ,RB,29,15,10,0,0,0,0,0,178,772,4.34,5,33,23,170,7.39,0,1,1,5,,,122,145.2,152.2,133.7,,26,
101,Javorius Allen,BAL,RB,26,16,0,0,0,0,0,0,153,591,3.86,4,60,46,250,5.43,2,0,0,6,,,120,166.1,172.1,143.1,,27,
102,Orleans Darkwa,NYG,RB,25,15,11,0,0,0,0,0,171,751,4.39,5,28,19,116,6.11,0,1,0,5,1,,119,137.7,143.7,128.2,,28,
103,Jamaal Williams,GNB,RB,22,16,7,0,0,0,0,0,153,556,3.63,4,34,25,262,10.48,2,0,0,6,,,118,142.8,148.8,130.3,,29,
104,Isaiah Crowell,CLE,RB,24,16,16,0,0,0,0,0,206,853,4.14,2,42,28,182,6.5,0,1,1,2,1,,116,143.5,150.5,129.5,,30,
105,Chris Thompson,WAS,RB,27,10,1,0,0,0,0,0,64,294,4.59,2,54,39,510,13.08,4,3,2,6,,,112,151.4,159.4,131.9,,31,
106,Jay Ajayi,2TM,RB,24,14,8,0,0,0,0,0,208,873,4.2,1,34,24,158,6.58,1,3,2,2,,,111,135.1,143.1,123.1,,33,
107,Joe Mixon,CIN,RB,21,14,7,0,0,0,0,0,178,626,3.52,4,34,30,287,9.57,0,3,2,4,,,111,141.3,149.3,126.3,,32,
108,Amari Cooper,OAK,WR,23,14,12,0,0,0,0,0,1,4,4,0,96,48,680,14.17,7,1,0,7,,,110,158.4,161.4,134.4,,31,
109,Kenyan Drake,MIA,RB,23,16,6,0,0,0,0,0,133,644,4.84,3,48,32,239,7.47,1,2,2,4,1,,110,142.3,150.3,126.3,,34,
110,Giovani Bernard,CIN,RB,26,16,2,0,0,0,0,0,105,458,4.36,2,60,43,389,9.05,2,0,0,4,,,109,151.7,157.7,130.2,,36,
111,Jonathan Stewart,CAR,RB,30,15,10,0,0,0,0,0,198,680,3.43,6,15,8,52,6.5,1,3,3,7,,,109,117.2,123.2,113.2,,35,
112,Ted Ginn,NOR,WR,32,15,10,0,0,0,0,0,10,39,3.9,0,70,53,787,14.85,4,2,0,4,,,107,159.6,162.6,133.1,,35,
113,Mohamed Sanu,ATL,WR,28,15,15,1,1,51,1,0,4,10,2.5,0,96,67,703,10.49,5,0,0,5,,,107,174.3,177.3,140.8,,32,
114,Sammy Watkins,LAR,WR,24,15,14,0,0,0,0,0,0,0,,0,70,39,593,15.21,8,0,0,8,,,107,146.3,149.3,126.8,,34,
115,Robert Woods,LAR,WR,25,12,11,0,0,0,0,0,2,12,6,0,85,56,781,13.95,5,1,1,5,,,107,163.3,167.3,135.3,,33,
116,Paul Richardson,SEA,WR,25,16,13,0,0,0,0,0,0,0,,0,80,44,703,15.98,6,0,0,6,,,106,150.3,153.3,128.3,,36,
117,Rishard Matthews,TEN,WR,28,14,11,0,0,0,0,0,1,-3,-3,0,87,53,795,15,4,0,0,4,,,103,156.2,159.2,129.7,,37,
118,Carson Palmer,ARI,QB,38,7,7,164,267,1978,9,7,14,12,0.86,0,0,0,0,,0,2,0,0,,,102,102.3,112.3,109.3,,32,
119,Theo Riddick,DET,RB,26,16,5,0,0,0,0,0,84,286,3.4,3,71,53,444,8.38,2,1,1,5,,,101,154,161,127.5,,37,
120,LeGarrette Blount,PHI,RB,31,16,11,0,0,0,0,0,173,766,4.43,2,8,8,50,6.25,1,1,1,3,1,,100,107.6,111.6,103.6,,39,
121,Rex Burkhead,NWE,RB,27,10,3,0,0,0,0,0,64,264,4.13,5,36,30,254,8.47,3,1,0,8,,,100,129.8,135.8,114.8,,38,
122,Ameer Abdullah,DET,RB,24,14,11,0,0,0,0,0,165,552,3.35,4,35,25,162,6.48,1,2,1,5,,,99,124.4,131.4,111.9,,40,
123,Mike Wallace,BAL,WR,31,15,14,0,0,0,0,0,1,4,4,0,92,52,748,14.38,4,0,0,4,,,99,151.2,154.2,125.2,,38,
124,Tarik Cohen,CHI,RB,22,16,4,1,2,21,1,0,87,370,4.25,2,71,53,353,6.66,1,3,2,4,,,97,150.1,158.1,123.6,,41,
125,Travis Benjamin,LAC,WR,28,16,3,0,0,0,0,0,13,96,7.38,0,62,34,567,16.68,4,2,0,5,,,96,130.3,133.3,113.3,,39,
126,Tyrell Williams,LAC,WR,25,16,15,0,0,0,0,0,0,0,,0,69,43,728,16.93,4,1,1,4,,,95,137.8,141.8,116.3,,40,
127,Jamison Crowder,WAS,WR,24,15,6,0,0,0,0,0,7,34,4.86,0,103,66,789,11.95,3,6,3,3,,,94,160.3,166.3,127.3,,41,
128,Randall Cobb,GNB,WR,27,15,14,1,1,10,0,0,9,17,1.89,0,92,66,653,9.89,4,1,0,4,1,,93,159.4,162.4,126.4,,42,
129,Marqise Lee,JAX,WR,26,14,14,0,1,0,0,0,1,17,17,0,96,56,702,12.54,3,1,0,3,1,,92,147.9,150.9,119.9,,43,
130,Keelan Cole,JAX,WR,24,16,6,0,0,0,0,0,0,0,,0,83,42,748,17.81,3,2,1,3,,,91,132.8,136.8,111.8,,44,
131,C.J. Beathard,SFO,QB,24,7,5,123,224,1430,4,6,26,136,5.23,3,0,0,0,,0,3,2,3,,,89,88.8,102.8,94.8,,33,
132,DeSean Jackson,TAM,WR,31,14,13,0,0,0,0,0,3,38,12.67,0,90,50,668,13.36,3,0,0,3,,,89,138.6,141.6,113.6,,45,
133,Kelvin Benjamin,2TM,WR,26,14,14,0,0,0,0,0,0,0,,0,78,48,692,14.42,3,0,0,3,,,87,135.2,138.2,111.2,,46,
134,Jimmy Garoppolo,SFO,QB,26,6,5,120,178,1560,7,5,15,11,0.73,1,1,1,-6,-6,0,1,0,1,,,87,87.9,95.9,92.4,,34,
135,Samaje Perine,WAS,RB,22,16,8,0,0,0,0,0,175,603,3.45,1,24,22,182,8.27,1,2,2,2,,,87,108.5,116.5,97.5,,42,
136,Sterling Shepard,NYG,WR,24,11,10,0,0,0,0,0,4,4,1,0,84,59,731,12.39,2,1,0,2,,,86,144.5,147.5,115,,47,
137,Josh Doctson,WAS,WR,25,16,14,0,0,0,0,0,1,-14,-14,0,78,35,502,14.34,6,0,0,6,,,85,119.8,122.8,102.3,,49,
138,Will Fuller,HOU,WR,23,10,10,0,0,0,0,0,2,9,4.5,0,50,28,423,15.11,7,0,0,7,,,85,113.2,116.2,99.2,,48,
139,Jordy Nelson,GNB,WR,32,15,15,0,0,0,0,0,0,0,,0,88,53,482,9.09,6,0,0,6,,,84,137.2,140.2,110.7,,50,
140,Matt Breida,SFO,RB,22,16,0,0,0,0,0,0,105,465,4.43,2,36,21,180,8.57,1,1,0,3,,,83,103.5,109.5,93,,44,
141,Martavis Bryant,PIT,WR,26,15,8,0,0,0,0,0,6,22,3.67,0,84,50,603,12.06,3,0,0,3,1,,83,132.5,135.5,107.5,,51,
142,Matt Forte,NYJ,RB,32,12,4,0,0,0,0,0,103,381,3.7,2,45,37,293,7.92,1,1,1,3,,,83,120.4,127.4,101.9,,43,
143,Corey Clement,PHI,RB,23,16,0,0,0,0,0,0,74,321,4.34,4,15,10,123,12.3,2,0,0,6,1,,82,92.4,98.4,87.4,,45,
144,Marlon Mack,IND,RB,21,14,0,0,0,0,0,0,93,358,3.85,3,33,21,225,10.71,1,1,0,4,,,82,103.3,109.3,92.8,,46,
145,Ryan Grant,WAS,WR,27,16,7,0,0,0,0,0,0,0,,0,65,45,573,12.73,4,0,0,4,,,81,126.3,129.3,103.8,,52,
146,Austin Ekeler,LAC,RB,22,16,0,0,0,0,0,0,47,260,5.53,2,35,27,279,10.33,3,2,2,5,,,80,106.9,114.9,93.4,,47,
147,Jared Cook,OAK,TE,30,16,16,0,0,0,0,0,0,0,,0,86,54,688,12.74,2,1,1,2,,,79,132.8,136.8,105.8,,15,
148,Vernon Davis,WAS,TE,33,16,16,0,0,0,0,0,0,0,,0,69,43,648,15.07,3,2,2,3,,,79,121.8,126.8,100.3,,14,
149,Eric Ebron,DET,TE,24,16,9,0,0,0,0,0,0,0,,0,86,53,574,10.83,4,1,1,4,,,79,132.4,136.4,105.9,,13,
150,Tyler Lockett,SEA,WR,25,16,8,0,0,0,0,0,10,58,5.8,0,71,45,555,12.33,2,0,0,3,,,79,124.3,127.3,101.8,,53,
151,Danny Amendola,NWE,WR,32,15,8,0,0,0,0,0,0,0,,0,86,61,659,10.8,2,2,0,2,,,78,138.9,141.9,108.4,,54,
152,James White,NWE,RB,25,14,4,0,0,0,0,0,43,171,3.98,0,72,56,429,7.66,3,0,0,3,,,78,134,140,106,,48,
153,Chris Hogan,NWE,WR,30,9,7,0,0,0,0,0,3,17,5.67,0,59,34,439,12.91,5,0,0,5,,,76,109.6,112.6,92.6,,55,
154,Ben Watson,BAL,TE,37,16,12,0,0,0,0,0,0,0,,0,79,61,522,8.56,4,1,0,4,,,76,137.2,140.2,106.7,,16,
155,O.J. Howard,TAM,TE,23,14,14,0,0,0,0,0,0,0,,0,39,26,432,16.62,6,3,2,6,,,75,101.2,106.2,88.2,,17,
156,Ryan Fitzpatrick,TAM,QB,35,6,3,96,163,1103,7,3,16,76,4.75,0,0,0,0,,0,0,0,0,,,74,73.7,79.7,76.7,,35,
157,Albert Wilson,KAN,WR,25,13,7,0,0,0,0,0,3,6,2,0,62,42,554,13.19,3,0,0,3,,,74,116,119,95,,56,
158,Brandon LaFell,CIN,WR,31,16,15,0,0,0,0,0,0,0,,0,89,52,548,10.54,3,1,0,3,,,73,124.8,127.8,98.8,,58,
159,DeVante Parker,MIA,WR,24,13,12,0,0,0,0,0,0,0,,0,96,57,670,11.75,1,1,0,1,,,73,130,133,101.5,,57,
160,Rod Smith,DAL,RB,25,15,1,0,0,0,0,0,55,232,4.22,4,23,19,202,10.63,1,0,0,5,,,73,92.4,98.4,82.9,,49,
161,Jaron Brown,ARI,WR,27,16,8,0,0,0,0,0,0,0,,0,69,31,477,15.39,4,0,0,4,,,72,102.7,105.7,87.2,,59,
162,Wayne Gallman,NYG,RB,23,13,1,0,0,0,0,0,111,476,4.29,0,48,34,193,5.68,1,3,1,1,,,71,104.9,111.9,87.9,,51,
163,Austin Hooper,ATL,TE,23,16,8,0,0,0,0,0,0,0,,0,65,49,526,10.73,3,0,0,3,,,71,119.6,122.6,95.1,,18,
164,Aaron Jones,GNB,RB,23,12,4,0,0,0,0,0,81,448,5.53,4,18,9,22,2.44,0,0,0,4,,,71,80,83,75.5,,50,
165,Peyton Barber,TAM,RB,23,16,4,0,0,0,0,0,108,423,3.92,3,19,16,114,7.13,0,2,1,3,,,70,85.7,92.7,77.7,,52,
166,Ty Montgomery,GNB,WR,24,8,5,0,0,0,0,0,71,273,3.85,3,31,23,173,7.52,1,0,0,4,,,69,91.6,97.6,80.1,,60,
167,Charles Clay,BUF,TE,28,13,13,0,0,0,0,0,0,0,,0,74,49,558,11.39,2,1,0,2,,,68,116.8,119.8,92.3,,19,
168,Mike Gillislee,NWE,RB,27,9,2,0,0,0,0,0,104,383,3.68,5,1,1,15,15,0,1,1,5,,,68,68.8,72.8,68.3,,54,
169,Adam Humphries,TAM,WR,24,16,3,0,0,0,0,0,1,6,6,0,83,61,631,10.34,1,1,1,1,,,68,128.7,132.7,98.2,,61,
170,Brock Osweiler,DEN,QB,27,6,4,96,172,1088,5,5,14,64,4.57,1,0,0,0,,0,2,1,1,,2,68,67.9,76.9,72.9,,36,
171,Adrian Peterson,2TM,RB,32,10,7,0,0,0,0,0,156,529,3.39,2,19,11,70,6.36,0,3,2,2,,,68,78.9,83.9,73.4,,53,
172,Emmanuel Sanders,DEN,WR,30,12,11,0,0,0,0,0,0,0,,0,92,47,555,11.81,2,0,0,2,,,68,114.5,117.5,91,,62,
173,Kenny Golladay,DET,WR,24,11,5,0,0,0,0,0,1,9,9,0,48,28,477,17.04,3,0,0,3,,,67,94.6,97.6,80.6,,65,
174,Doug Martin,TAM,RB,28,11,8,0,0,0,0,0,138,406,2.94,3,18,9,84,9.33,0,1,1,3,1,,67,76,80,71.5,,55,
175,Deonte Thompson,2TM,WR,28,16,10,0,0,0,0,0,2,-5,-2.5,0,69,38,555,14.61,2,1,0,2,,,67,105,108,86,,64,
176,Kendall Wright,CHI,WR,28,16,4,0,0,0,0,0,0,0,,0,91,59,614,10.41,1,0,0,1,,,67,126.4,129.4,96.9,,63,
177,Alfred Morris,DAL,RB,29,14,5,0,0,0,0,0,115,547,4.76,1,9,7,45,6.43,0,0,0,1,,,65,72.2,75.2,68.7,,56,
178,JJ Nelson,ARI,WR,25,16,5,0,0,0,0,0,3,37,12.33,0,61,29,508,17.52,2,1,1,2,,,65,93.5,97.5,79,,66,
179,Brian Hoyer,2TM,QB,32,11,6,123,211,1287,4,4,9,4,0.44,1,0,0,0,,0,3,1,1,,,64,63.9,71.9,67.9,,37,
180,Chris Ivory,JAX,RB,29,14,3,0,0,0,0,0,112,382,3.41,1,28,21,175,8.33,1,2,2,2,,,64,84.7,92.7,74.2,,57,
181,George Kittle,SFO,TE,24,15,7,0,0,0,0,0,0,0,,0,63,43,515,11.98,2,0,0,2,,,64,106.5,109.5,85,,21,
182,Marcedes Lewis,JAX,TE,33,16,16,0,0,0,0,0,0,0,,0,48,24,318,13.25,5,0,0,5,1,,64,87.8,90.8,75.8,,20,
183,J.D. McKissic,SEA,RB,24,13,1,0,0,0,0,0,46,187,4.07,1,46,34,266,7.82,2,0,0,3,,,63,97.3,103.3,80.3,,58,
184,David Njoku,CLE,TE,21,16,5,0,0,0,0,0,1,1,1,0,60,32,386,12.06,4,0,0,4,,,63,94.7,97.7,78.7,,22,
185,Eric Decker,TEN,WR,30,16,8,0,1,0,0,0,0,0,,0,83,54,563,10.43,1,0,0,1,,,62,116.3,119.3,89.3,,67,
186,Blaine Gabbert,ARI,QB,28,5,5,95,171,1086,6,6,23,82,3.57,0,0,0,0,,0,7,2,0,,1,62,61.6,72.6,67.6,,38,
187,Jeremy Maclin,BAL,WR,29,12,12,0,0,0,0,0,0,0,,0,72,40,440,11,3,0,0,3,,,62,102,105,82,,68,
188,Devontae Booker,DEN,RB,25,13,0,0,0,0,0,0,79,299,3.78,1,38,30,275,9.17,0,2,1,1,,,61,91.4,98.4,76.4,,59,
189,Allen Hurns,JAX,WR,26,10,8,0,0,0,0,0,0,0,,0,56,39,484,12.41,2,0,0,2,,,60,99.4,102.4,79.9,,69,
190,Chris Godwin,TAM,WR,21,16,2,0,0,0,0,0,0,0,,0,55,34,525,15.44,1,0,0,1,,,59,92.5,95.5,75.5,,70,
191,Elijah McGuire,NYJ,RB,23,16,2,0,0,0,0,0,88,315,3.58,1,26,17,177,10.41,1,2,2,2,1,,59,76.2,84.2,67.7,,60,
192,Jalen Richard,OAK,RB,24,16,1,0,0,0,0,0,56,275,4.91,1,36,27,256,9.48,1,8,3,2,,,59,86.1,95.1,72.6,,61,
193,Garrett Celek,SFO,TE,29,16,13,0,0,0,0,0,0,0,,0,33,21,336,16,4,0,0,4,,,58,78.6,81.6,68.1,,23,
194,Kerwynn Williams,ARI,RB,26,16,6,0,0,0,0,0,120,426,3.55,1,15,10,93,9.3,0,0,0,1,,,58,67.9,70.9,62.9,,62,
195,Terrance Williams,DAL,WR,28,16,14,0,0,0,0,0,2,15,7.5,0,78,53,568,10.72,0,0,0,0,,,58,111.3,114.3,84.8,,71,
196,T.J. Yeldon,JAX,RB,24,10,0,0,0,0,0,0,49,253,5.16,2,41,30,224,7.47,0,2,1,2,,,58,87.7,94.7,72.7,,63,
197,Trey Burton,PHI,TE,26,15,1,0,0,0,0,0,0,0,,0,31,23,248,10.78,5,0,0,5,1,,57,79.8,82.8,68.3,,25,
198,Julius Thomas,MIA,TE,29,14,13,0,0,0,0,0,0,0,,0,62,41,388,9.46,3,1,0,3,,,57,97.8,100.8,77.3,,24,
199,Cole Beasley,DAL,WR,28,15,4,0,0,0,0,0,0,0,,0,63,36,314,8.72,4,0,0,4,,,55,91.4,94.4,73.4,,72,
200,Jesse James,PIT,TE,23,16,14,0,0,0,0,0,0,0,,0,63,43,372,8.65,3,0,0,3,,,55,98.2,101.2,76.7,,26,
201,Cordarrelle Patterson,OAK,WR,26,16,2,0,0,0,0,0,13,121,9.31,2,42,31,309,9.97,0,3,0,2,,,55,86,92,70.5,,73,
202,Torrey Smith,PHI,WR,28,16,14,0,0,0,0,0,1,-3,-3,0,67,36,430,11.94,2,0,0,2,,,55,90.7,93.7,72.7,,74,
203,Dalvin Cook,MIN,RB,22,4,4,0,0,0,0,0,74,354,4.78,2,16,11,90,8.18,0,1,1,2,,,54,65.4,69.4,59.9,,64,
204,Roger Lewis,NYG,WR,24,15,8,0,0,0,0,0,0,0,,0,72,36,416,11.56,2,0,0,2,,,54,89.6,92.6,71.6,,75,
205,Bennie Fowler,DEN,WR,26,16,4,0,0,0,0,0,0,0,,0,56,29,350,12.07,3,1,0,3,,,53,82,85,67.5,,76,
206,Trent Taylor,SFO,WR,23,15,1,0,0,0,0,0,0,0,,0,60,43,430,10,2,1,1,2,,,53,96,100,74.5,,77,
207,Austin Seferian-Jenkins,NYJ,TE,25,13,10,0,0,0,0,0,0,0,,0,74,50,357,7.14,3,1,1,3,,,52,101.7,105.7,76.7,,27,
208,D'Onta Foreman,HOU,RB,21,10,1,0,0,0,0,0,78,327,4.19,2,8,6,83,13.83,0,2,1,2,,,51,57,61,54,,65,
209,Donte Moncrief,IND,WR,24,12,8,0,0,0,0,0,0,0,,0,47,26,391,15.04,2,0,0,2,,,51,77.1,80.1,64.1,,78,
210,Tom Savage,HOU,QB,27,8,7,125,223,1412,5,6,4,2,0.5,0,0,0,0,,0,8,7,0,,,51,50.7,66.7,56.7,,39,
211,DeAndre Washington,OAK,RB,24,15,0,0,0,0,0,0,57,153,2.68,2,45,34,197,5.79,1,2,1,3,,,51,85,92,68,,66,
212,Brice Butler,DAL,WR,27,13,0,0,0,0,0,0,0,0,,0,23,15,317,21.13,3,0,0,3,,,50,64.7,67.7,57.2,,81,
213,Brandon Coleman,NOR,WR,25,16,6,0,0,0,0,0,0,0,,0,37,23,364,15.83,3,2,2,3,,,50,73.4,78.4,61.9,,79,
214,Ed Dickson,CAR,TE,30,16,12,0,0,0,0,0,0,0,,0,48,30,437,14.57,1,0,0,1,,,50,79.7,82.7,64.7,,28,
215,Pierre Garcon,SFO,WR,31,8,8,0,0,0,0,0,0,0,,0,67,40,500,12.5,0,0,0,0,,,50,90,93,70,,80,
216,Antonio Gates,LAC,TE,37,16,4,0,0,0,0,0,0,0,,0,52,30,316,10.53,3,0,0,3,,,50,79.6,82.6,64.6,,29,
217,Drew Stanton,ARI,QB,33,5,4,79,159,894,6,5,9,7,0.78,0,0,0,0,,0,3,0,0,,,50,50.5,58.5,55.5,,40,
218,Odell Beckham,NYG,WR,25,4,2,0,0,0,0,0,1,8,8,0,41,25,302,12.08,3,0,0,3,,,49,74,77,61.5,,82,
219,John Brown,ARI,WR,27,10,5,0,0,0,0,0,1,10,10,0,55,21,299,14.24,3,0,0,3,,,49,69.9,72.9,59.4,,83,
220,Taylor Gabriel,ATL,WR,26,16,4,0,0,0,0,0,8,49,6.13,0,51,33,378,11.45,1,0,0,1,,,49,81.7,84.7,65.2,,84,
221,Andre Ellington,2TM,RB,28,12,2,0,0,0,0,0,20,55,2.75,1,59,39,369,9.46,0,0,0,1,,,48,87.4,90.4,67.9,,67,
222,T.J. Jones,DET,WR,25,14,6,0,0,0,0,0,0,0,,0,49,30,399,13.3,1,1,0,1,1,,48,77.9,80.9,62.9,,85,
223,Seth Roberts,OAK,WR,26,15,7,0,0,0,0,0,0,0,,0,65,43,455,10.58,1,2,2,1,,,48,90.5,95.5,69,,86,
224,Bruce Ellington,HOU,WR,26,11,6,0,0,0,0,0,3,17,5.67,0,57,29,330,11.38,2,1,0,2,,,47,75.7,78.7,61.2,,87,
225,Charcandrick West,KAN,RB,26,13,0,0,0,0,0,0,18,72,4,2,34,27,150,5.56,2,1,0,4,,,46,73.2,76.2,59.7,,68,
226,Jamaal Charles,DEN,RB,31,14,0,0,0,0,0,0,69,296,4.29,1,28,23,129,5.61,0,2,2,1,,,45,67.5,75.5,56,,69,
227,Josh Bellamy,CHI,WR,28,15,7,0,0,0,0,0,1,6,6,0,46,24,376,15.67,1,0,0,1,,,44,68.2,71.2,56.2,,88,
228,Seth Devalve,CLE,TE,24,16,4,0,0,0,0,0,0,0,,0,58,33,395,11.97,1,1,1,1,,,44,76.5,80.5,60,,31,
229,Jermaine Gresham,ARI,TE,29,14,14,0,0,0,0,0,0,0,,0,46,33,322,9.76,2,0,0,2,,,44,77.2,80.2,60.7,,30,
230,Zay Jones,BUF,WR,22,15,10,0,0,0,0,0,0,0,,0,74,27,316,11.7,2,0,0,2,,,44,70.6,73.6,57.1,,89,
231,Corey Coleman,CLE,WR,23,9,8,0,0,0,0,0,0,0,,0,58,23,305,13.26,2,0,0,2,,,43,65.5,68.5,54,,91,
232,Cody Latimer,DEN,WR,25,11,1,0,0,0,0,0,0,0,,0,31,19,287,15.11,2,1,0,2,1,,43,61.7,64.7,52.2,,90,
233,Coby Fleener,NOR,TE,29,11,0,0,0,0,0,0,0,0,,0,30,22,295,13.41,2,0,0,2,,,42,63.5,66.5,52.5,,33,
234,Rashard Higgins,CLE,WR,23,15,4,0,0,0,0,0,1,4,4,0,50,27,312,11.56,2,1,1,2,,,42,68.6,72.6,55.1,,94,
235,Tavarres King,NYG,WR,27,8,3,0,0,0,0,0,2,3,1.5,0,37,18,240,13.33,3,0,0,3,,,42,60.3,63.3,51.3,,92,
236,Chris Moore,BAL,WR,24,13,4,0,0,0,0,0,2,-9,-4.5,0,38,18,248,13.78,3,0,0,4,,,42,59.9,68.9,56.9,,93,
237,Nick O'Leary,BUF,TE,25,15,5,0,0,0,0,0,0,0,,0,32,22,322,14.64,2,1,1,2,,,42,64.2,68.2,53.2,,32,
238,Matt Moore,MIA,QB,33,4,2,78,127,861,4,5,3,9,3,0,0,0,0,,0,0,0,0,,,41,41.3,49.3,46.3,,41,
239,Stephen Anderson,HOU,TE,24,15,5,0,0,0,0,0,0,0,,0,52,25,342,13.68,1,0,0,1,,,40,65.2,68.2,52.7,,34,
240,Josh Gordon,CLE,WR,26,5,5,0,0,0,0,0,0,0,,0,42,18,335,18.61,1,0,0,1,,,40,57.5,60.5,48.5,,98,
241,Justin Hardy,ATL,WR,26,16,1,0,0,0,0,0,0,0,,0,29,20,221,11.05,3,1,0,3,,,40,60.1,63.1,50.1,,96,
242,Dontrelle Inman,2TM,WR,28,12,7,0,0,0,0,0,0,0,,0,44,25,343,13.72,1,0,0,1,,,40,65.3,68.3,52.8,,95,
243,Shane Vereen,NYG,RB,28,16,0,0,1,0,0,1,45,164,3.64,0,53,44,253,5.75,0,0,0,0,,,40,83.7,90.7,62.7,,70,
244,Dede Westbrook,JAX,WR,24,7,5,0,0,0,0,0,0,0,,0,51,27,339,12.56,1,1,0,1,,,40,66.9,69.9,53.4,,97,
245,Damien Williams,MIA,RB,25,11,4,0,0,0,0,0,46,181,3.93,0,28,20,155,7.75,1,0,0,1,,,40,59.6,65.6,49.6,,71,
246,Corey Grant,JAX,RB,26,16,0,0,0,0,0,0,30,248,8.27,2,4,3,41,13.67,0,1,1,2,,,39,41.9,45.9,40.4,,73,
247,Robert Kelley,WAS,RB,25,7,7,0,0,0,0,0,62,194,3.13,3,7,4,18,4.5,0,0,0,3,,,39,43.2,46.2,41.2,,72,
248,Luke Willson,SEA,TE,27,16,7,0,0,0,0,0,0,0,,0,22,15,153,10.2,4,0,0,4,,,39,54.3,57.3,46.8,,35,
249,Alfred Blue,HOU,RB,26,11,0,0,0,0,0,0,71,262,3.69,1,9,7,54,7.71,0,0,0,1,,,38,44.6,47.6,41.1,,76,
250,Kenny Britt,2TM,WR,29,12,4,0,0,0,0,0,0,0,,0,43,20,256,12.8,2,0,0,2,,,38,57.6,60.6,47.6,,100,
251,Aldrick Robinson,SFO,WR,29,16,1,0,0,0,0,0,0,0,,0,48,19,260,13.68,2,0,0,2,,,38,57,60,47.5,,99,
252,Jacquizz Rodgers,TAM,RB,27,16,4,0,0,0,0,0,64,244,3.81,1,11,9,74,8.22,0,0,0,1,,,38,46.8,49.8,42.3,,75,
253,Ricky Seals-Jones,ARI,TE,22,10,1,0,0,0,0,0,0,0,,0,28,12,201,16.75,3,0,0,3,,,38,50.1,53.1,44.1,,36,
254,Charles Sims,TAM,RB,27,16,0,0,0,0,0,0,21,95,4.52,0,47,35,249,7.11,1,1,1,1,,,38,73.4,77.4,55.9,,74,
255,Benny Cunningham,CHI,RB,27,14,0,0,0,0,0,0,9,29,3.22,0,26,20,240,12,2,1,1,2,,,37,56.9,60.9,46.9,,78,
256,Mike Davis,SEA,RB,24,6,6,0,0,0,0,0,68,240,3.53,0,18,15,131,8.73,0,0,0,0,,,37,52.1,58.1,44.6,,77,
257,Kyle Juszczyk*,SFO,RB,26,14,10,0,0,0,0,0,7,31,4.43,0,42,33,315,9.55,1,2,2,1,,,37,69.6,74.6,53.1,,79,
258,Mike Tolbert,BUF,RB,32,12,0,0,0,0,0,0,66,247,3.74,1,17,14,78,5.57,0,2,1,1,,,37,50.5,54.5,43.5,,80,
259,Malcolm Brown,LAR,RB,24,11,1,0,0,0,0,0,63,246,3.9,1,11,9,53,5.89,0,1,0,1,,,36,44.9,47.9,40.4,,81,
260,Corey Davis,TEN,WR,22,11,9,0,0,0,0,0,0,0,,0,65,34,375,11.03,0,1,1,0,,,36,69.5,73.5,52.5,,103,
261,Rhett Ellison,NYG,TE,29,16,14,0,0,0,0,0,0,0,,0,32,24,235,9.79,2,0,0,2,,,36,59.5,62.5,47.5,,40,
262,Gerald Everett,LAR,TE,23,16,2,0,0,0,0,0,1,13,13,0,32,16,244,15.25,2,1,1,2,,,36,51.7,55.7,43.7,,37,
263,Darren Fells,DET,TE,31,16,13,0,0,0,0,0,0,0,,0,26,17,177,10.41,3,0,0,3,,,36,52.7,55.7,44.2,,38,
264,Tyler Higbee,LAR,TE,24,16,16,0,0,0,0,0,0,0,,0,45,25,295,11.8,1,0,0,1,,,36,60.5,63.5,48,,41,
265,Johnny Holton,OAK,WR,26,16,1,0,0,0,0,0,0,0,,0,18,9,218,24.22,3,3,2,3,,,36,44.8,49.8,40.3,,101,
266,Ricardo Louis,CLE,WR,23,16,9,0,0,0,0,0,0,0,,0,61,27,357,13.22,0,0,0,0,,,36,62.7,65.7,49.2,,102,
267,Zach Miller,CHI,TE,33,8,6,0,0,0,0,0,0,0,,0,35,20,236,11.8,2,0,0,2,,,36,55.6,58.6,45.6,,39,
268,Tyler Boyd,CIN,WR,23,10,1,0,0,0,0,0,0,0,,0,32,22,225,10.23,2,0,0,2,,,35,56.5,59.5,45.5,,105,
269,Chester Rogers,IND,WR,23,11,4,0,0,0,0,0,3,8,2.67,0,37,23,284,12.35,1,0,0,1,,,35,58.2,61.2,46.7,,104,
270,Michael Campanaro,BAL,WR,26,13,0,0,0,0,0,0,5,42,8.4,0,27,19,173,9.11,1,4,0,2,,,34,52.5,55.5,43,,106,
271,A.J. Derby,2TM,TE,26,11,1,0,0,0,0,0,0,0,,0,40,21,244,11.62,2,1,1,2,,,34,55.4,59.4,44.9,,42,
272,Nick Foles,PHI,QB,28,7,3,57,101,537,5,2,11,3,0.27,0,0,0,0,,0,6,2,0,,,34,33.8,40.8,35.8,,44,
273,Mike Glennon,CHI,QB,28,4,4,93,140,833,4,5,4,4,1,0,0,0,0,,0,5,3,0,,,34,33.7,44.7,38.7,,45,
274,Kevin Hogan,CLE,QB,25,4,1,46,75,517,4,5,10,71,7.1,0,0,0,0,,0,1,0,0,,,34,33.8,41.8,38.8,,43,
275,Wendell Smallwood,PHI,RB,23,8,3,0,0,0,0,0,47,174,3.7,1,18,13,103,7.92,0,0,0,1,,,34,46.7,52.7,40.2,,82,
276,T.J. Yates,HOU,QB,30,4,3,47,97,523,4,3,5,51,10.2,0,0,0,0,,0,5,1,0,,,34,34,41,37,,42,
277,Chris Carson,SEA,RB,23,4,3,0,0,0,0,0,49,208,4.24,0,8,7,59,8.43,1,0,0,1,,,33,39.7,42.7,36.2,,83,
278,Jordan Reed,WAS,TE,27,6,5,0,0,0,0,0,0,0,,0,35,27,211,7.81,2,1,0,2,,,33,60.1,63.1,46.6,,43,
279,Taywan Taylor,TEN,WR,22,16,4,0,0,0,0,0,8,43,5.38,0,28,16,231,14.44,1,0,0,1,,,33,49.4,52.4,41.4,,107,
280,Jakeem Grant,MIA,WR,25,16,0,0,0,0,0,0,3,12,4,0,22,13,203,15.62,2,2,1,2,,,32,44.5,48.5,38,,110,
281,Jordan Matthews,BUF,WR,25,10,7,0,0,0,0,0,0,0,,0,36,25,282,11.28,1,1,1,1,,,32,57.2,61.2,44.7,,108,
282,Jarius Wright,MIN,WR,28,16,0,0,0,0,0,0,0,0,,0,25,18,198,11,2,0,0,2,,,32,49.8,52.8,40.8,,109,
283,Adam Shaheen,CHI,TE,23,13,7,0,0,0,0,0,0,0,,0,14,12,127,10.58,3,0,0,3,,,31,42.7,45.7,36.7,,44,
284,Tavon Austin,LAR,WR,27,16,9,0,0,0,0,0,59,270,4.58,1,22,13,47,3.62,0,5,4,1,,,30,42.7,49.7,36.2,,113,
285,Damiere Byrd,CAR,WR,24,8,3,0,0,0,0,0,1,12,12,0,17,10,105,10.5,2,0,0,3,,,30,39.7,42.7,34.7,,114,
286,Tion Green,DET,RB,24,5,0,0,0,0,0,0,42,165,3.93,2,2,2,14,7,0,0,0,2,,,30,31.9,34.9,30.9,,84,
287,Andre Holmes,BUF,WR,29,14,2,0,0,0,0,0,0,0,,0,22,13,120,9.23,3,0,0,3,,,30,43,46,36.5,,111,
288,Terrelle Pryor,WAS,WR,28,9,2,0,0,0,0,0,0,0,,0,37,20,240,12,1,0,0,1,,,30,50,53,40,,112,
289,Martellus Bennett,2TM,TE,30,9,7,0,0,0,0,0,0,0,,0,44,30,286,9.53,0,0,0,0,,,29,58.6,61.6,43.6,,45,
290,Mack Hollins,PHI,WR,24,16,0,0,0,0,0,0,0,0,,0,22,16,226,14.13,1,0,0,1,,,29,44.6,47.6,36.6,,115,
291,Demetrius Harris,KAN,TE,26,16,7,0,0,0,0,0,0,0,,0,35,18,224,12.44,1,0,0,1,,,28,46.4,49.4,37.4,,46,
292,Elijhaa Penny,ARI,RB,24,16,0,0,0,0,0,0,31,124,4,2,6,4,38,9.5,0,0,0,2,,,28,32.2,35.2,30.2,,85,
293,Russell Shepard,CAR,WR,27,15,3,0,0,0,0,0,2,19,9.5,0,32,17,202,11.88,1,1,0,1,,,28,45.1,48.1,36.6,,116,
294,Jonnu Smith,TEN,TE,22,16,13,0,0,0,0,0,0,0,,0,30,18,157,8.72,2,0,0,2,,,28,45.7,48.7,36.7,,47,
295,Kapri Bibbs,WAS,RB,24,3,0,0,0,0,0,0,21,79,3.76,0,17,14,128,9.14,1,0,0,1,,,27,40.7,43.7,33.7,,86,
296,Sam Bradford,MIN,QB,30,2,2,32,43,382,3,0,2,-3,-1.5,0,0,0,0,,0,0,0,0,,,27,27,30,27,,46,
297,De'Anthony Thomas,KAN,WR,24,16,2,0,0,0,0,0,1,4,4,0,16,14,143,10.21,2,1,0,2,,,27,40.7,43.7,33.7,,117,
298,Kendrick Bourne,SFO,WR,22,11,0,0,0,0,0,0,0,0,,0,34,16,257,16.06,0,0,0,0,,,26,41.7,44.7,33.7,,118,
299,Jeff Heuerman,DEN,TE,25,14,6,0,0,0,0,0,0,0,,0,21,9,142,15.78,2,0,0,2,,,26,35.2,38.2,30.7,,49,
300,Lance Kendricks,GNB,TE,29,16,9,0,0,0,0,0,0,0,,0,35,18,203,11.28,1,0,0,1,,,26,44.3,47.3,35.3,,48,
301,Terrance West,BAL,RB,26,5,4,0,0,0,0,0,39,138,3.54,2,4,2,23,11.5,0,1,1,2,,,26,28.1,32.1,27.1,,87,
302,Danny Woodhead,BAL,RB,32,8,0,0,0,0,0,0,14,56,4,0,39,33,200,6.06,0,0,0,0,,,26,58.6,61.6,42.1,,88,
303,Virgil Green,DEN,TE,29,16,16,0,0,0,0,0,0,0,,0,22,14,191,13.64,1,0,0,1,,,25,39.1,42.1,32.1,,50,
304,Vance McDonald,PIT,TE,27,10,7,0,0,0,0,0,0,0,,0,24,14,188,13.43,1,0,0,1,,,25,38.8,41.8,31.8,,52,
305,Greg Olsen,CAR,TE,32,7,7,0,0,0,0,0,0,0,,0,38,17,191,11.24,1,0,0,1,,,25,42.1,45.1,33.6,,51,
306,Bryce Petty,NYJ,QB,26,4,3,55,112,544,1,3,7,55,7.86,0,0,0,0,,0,1,0,0,,,25,25.3,31.3,28.3,,47,
307,Alex Erickson,CIN,WR,25,16,0,0,0,0,0,0,5,16,3.2,0,16,12,180,15,1,6,1,1,,,24,35.6,39.6,29.6,,120,
308,Ryan Griffin,HOU,TE,27,7,6,0,0,0,0,0,0,0,,0,26,13,158,12.15,1,0,0,1,1,,24,36.8,39.8,30.3,,54,
309,Jeremy Kerley,NYJ,WR,29,8,2,0,0,0,0,0,0,0,,0,27,22,217,9.86,1,3,2,1,,,24,45.7,50.7,34.7,,119,
310,Dion Sims,CHI,TE,26,14,14,0,0,0,0,0,0,0,,0,29,15,180,12,1,0,0,1,,,24,39,42,31.5,,53,
311,Geronimo Allison,GNB,WR,23,15,2,0,0,0,0,0,0,0,,0,39,23,253,11,0,2,1,0,,,23,46.3,50.3,34.8,,121,
312,Tommy Bohanon,JAX,RB,27,16,10,0,0,0,0,0,5,5,1,2,11,6,43,7.17,1,0,0,3,,,23,28.8,28.8,25.8,,90,
313,Eddie Lacy,SEA,RB,27,9,3,0,0,0,0,0,69,179,2.59,0,6,6,47,7.83,0,0,0,0,,,23,28.6,31.6,25.6,,91,
314,Thomas Rawls,SEA,RB,24,12,3,0,0,0,0,0,58,157,2.71,0,13,9,94,10.44,0,1,1,0,,,23,32.1,36.1,27.6,,89,
315,Nick Boyle,BAL,TE,24,15,11,0,0,0,0,0,0,0,,0,37,28,203,7.25,0,0,0,0,1,,22,50.3,53.3,36.3,,55,
316,Travaris Cadet,2TM,RB,28,9,0,0,0,0,0,0,23,96,4.17,0,19,16,119,7.44,0,0,0,0,,,22,37.5,40.5,29.5,,92,
317,Jaydon Mickens,JAX,WR,23,10,0,0,0,0,0,0,0,0,,0,11,6,77,12.83,2,4,2,3,,,22,27.7,29.7,24.7,,123,
318,Braxton Miller,HOU,WR,25,11,3,0,0,0,0,0,1,1,1,0,29,19,162,8.53,1,0,0,1,,,22,41.3,44.3,31.8,,122,
319,Richard Rodgers,GNB,TE,25,15,1,0,0,0,0,0,0,0,,0,19,12,160,13.33,1,0,0,1,,,22,34,37,28,,56,
320,James O'Shaughnessy,JAX,TE,25,16,1,0,0,0,0,0,0,0,,0,24,14,149,10.64,1,0,0,1,,,21,34.9,37.9,27.9,,57,
321,Demarcus Robinson,KAN,WR,23,16,8,0,0,0,0,0,0,0,,0,39,21,212,10.1,0,0,0,0,,,21,42.2,45.2,31.7,,124,
322,Phillip Dorsett,NWE,WR,24,15,2,0,0,0,0,0,1,7,7,0,18,12,194,16.17,0,0,0,0,,,20,32.1,35.1,26.1,,125,
323,Laquon Treadwell,MIN,WR,22,16,7,0,0,0,0,0,0,0,,0,35,20,200,10,0,1,0,0,,,20,40,43,30,,126,
324,Brent Celek,PHI,TE,32,16,10,0,0,0,0,0,0,0,,0,24,13,130,10,1,0,0,1,,,19,32,35,25.5,,59,
325,David Fales,MIA,QB,27,2,0,29,43,265,1,1,4,8,2,1,0,0,0,,0,0,0,1,,,19,19.4,20.4,20.4,,48,
326,Troy Niklas,ARI,TE,25,15,11,0,0,0,0,0,0,0,,0,23,11,132,12,1,0,0,1,,,19,30.2,33.2,24.7,,58,
327,Eli Rogers,PIT,WR,25,14,4,0,0,0,0,0,0,0,,0,36,18,149,8.28,1,1,1,1,,,19,36.9,40.9,27.9,,127,
328,Chris Conley,KAN,WR,25,5,5,0,0,0,0,0,0,0,,0,16,11,175,15.91,0,0,0,0,,,18,28.5,31.5,23,,130,
329,Louis Murphy,SFO,WR,30,7,7,0,0,0,0,0,0,0,,0,17,8,121,15.13,1,0,0,1,,,18,26.1,29.1,22.1,,128,
330,Curtis Samuel,CAR,WR,21,9,4,0,0,0,0,0,4,64,16,0,26,15,115,7.67,0,0,0,0,,,18,32.9,35.9,25.4,,129,
331,Levine Toilolo,ATL,TE,26,15,12,0,0,0,0,0,0,0,,0,14,12,122,10.17,1,0,0,2,,,18,30.2,39.2,30.2,,61,
332,Eric Tomlinson,NYJ,TE,25,14,12,0,0,0,0,0,0,0,,0,11,8,121,15.13,1,0,0,1,,,18,26.1,29.1,22.1,,62,
333,Nick Vannett,SEA,TE,24,15,4,0,0,0,0,0,0,0,,0,15,12,124,10.33,1,0,0,1,,,18,30.4,33.4,24.4,,60,
334,Kenjon Barner,PHI,RB,27,13,1,0,0,0,0,0,16,57,3.56,1,8,5,56,11.2,0,3,0,1,,,17,22.3,22.3,19.8,,93,
335,Anthony Fasano,MIA,TE,33,16,6,0,0,0,0,0,0,0,,0,16,12,107,8.92,1,1,0,1,,,17,28.7,31.7,22.7,,63,
336,Tommylee Lewis,NOR,WR,25,15,0,0,0,0,0,0,2,14,7,0,14,10,116,11.6,1,1,1,1,,,17,27,31,22,,131,
337,Stevan Ridley,PIT,RB,28,2,1,0,0,0,0,0,26,108,4.15,1,0,0,0,,0,0,0,1,,,17,16.8,19.8,16.8,,95,
338,Robert Turbin,IND,RB,28,6,1,0,0,0,0,0,23,53,2.3,1,11,9,56,6.22,0,0,0,1,,,17,25.9,25.9,21.4,,94,
339,Cameron Artis-Payne,CAR,RB,27,13,0,0,0,0,0,0,18,95,5.28,1,1,1,2,2,0,0,0,1,,,16,16.7,16.7,16.2,,96,
340,Chris Johnson,ARI,RB,32,4,3,0,0,0,0,0,45,114,2.53,0,6,5,43,8.6,0,0,0,0,,,16,20.7,23.7,18.2,,97,
341,David Morgan,MIN,TE,24,15,6,0,0,0,0,0,0,0,,0,12,10,95,9.5,1,0,0,1,,,16,25.5,25.5,20.5,,64,
342,Josh Reynolds,LAR,WR,22,16,1,0,0,0,0,0,0,0,,0,24,11,104,9.45,1,0,0,1,,,16,27.4,30.4,21.9,,132,
343,Dwayne Allen,NWE,TE,27,16,8,0,0,0,0,0,0,0,,0,22,10,86,8.6,1,0,0,1,,,15,24.6,24.6,19.6,,67,
344,Kaelin Clay,2TM,WR,25,13,2,0,0,0,0,0,3,27,9,0,19,6,85,14.17,0,3,1,1,,,15,21.2,22.2,18.2,,134,
345,D.J. Foster,ARI,RB,24,7,0,0,0,0,0,0,6,19,3.17,0,28,17,133,7.82,0,0,0,0,,,15,32.2,35.2,23.7,,98,
346,James Hanna,DAL,TE,28,16,8,0,0,0,0,0,0,0,,0,9,4,88,22,1,0,0,1,,,15,18.8,18.8,16.8,,66,
347,Paxton Lynch,DEN,QB,23,2,2,30,45,295,2,3,5,30,6,0,0,0,0,,0,2,1,0,,,15,14.8,18.8,17.8,,49,
348,Brandon Marshall,NYG,WR,33,5,5,0,0,0,0,0,0,0,,0,33,18,154,8.56,0,0,0,0,,,15,33.4,36.4,24.4,,133,
349,Anthony Sherman,KAN,RB,29,16,3,0,0,0,0,0,14,40,2.86,1,8,6,47,7.83,0,0,0,1,,,15,20.7,20.7,17.7,,99,
350,C.J. Uzomah,CIN,TE,24,14,4,0,0,0,0,0,0,0,,0,15,10,92,9.2,1,0,0,1,,,15,25.2,25.2,20.2,,65,
351,James Conner,PIT,RB,22,14,0,0,0,0,0,0,32,144,4.5,0,1,0,0,,0,0,0,0,,,14,14.4,17.4,14.4,,100,
352,C.J. Ham,MIN,RB,24,16,1,0,0,0,0,0,7,13,1.86,1,8,7,68,9.71,0,0,0,1,,,14,21.1,21.1,17.6,,101,
353,Darrius Heyward-Bey,PIT,WR,30,16,0,0,0,0,0,0,2,32,16,1,3,2,47,23.5,0,0,0,1,,,14,15.9,15.9,14.9,,138,
354,Josh Hill,NOR,TE,27,16,11,0,0,0,0,0,1,-8,-8,0,22,16,125,7.81,1,2,2,1,,,14,29.7,34.7,21.7,,68,
355,EJ Manuel,OAK,QB,27,2,1,24,43,265,1,1,2,15,7.5,0,0,0,0,,0,0,0,0,,,14,14.1,15.1,15.1,,50,
356,Tre McBride,CHI,WR,25,8,3,0,0,0,0,0,0,0,,0,15,8,144,18,0,0,0,0,,,14,22.4,25.4,18.4,,135,
357,Jamize Olawale,OAK,RB,28,12,0,0,0,0,0,0,9,43,4.78,1,7,6,33,5.5,0,1,0,1,,,14,19.6,19.6,16.6,,102,
358,Paul Perkins,NYG,RB,23,11,4,0,0,0,0,0,41,90,2.2,0,10,8,46,5.75,0,0,0,0,,,14,21.6,21.6,17.6,,103,
359,Brandon Tate,BUF,WR,30,13,1,0,0,0,0,0,0,0,,0,14,6,81,13.5,1,1,0,1,,,14,20.1,20.1,17.1,,137,
360,Jordan Taylor,DEN,WR,25,10,2,0,0,0,0,0,0,0,,0,20,13,142,10.92,0,1,0,0,,,14,27.2,30.2,20.7,,136,
361,Kamar Aiken,IND,WR,28,15,7,0,0,0,0,0,0,0,,0,44,15,133,8.87,0,0,0,0,,,13,28.3,31.3,20.8,,139,
362,Brenton Bersin,CAR,WR,27,8,1,0,0,0,0,0,0,0,,0,14,8,128,16,0,0,0,0,,,13,20.8,23.8,16.8,,141,
363,Daniel Brown,CHI,TE,25,14,2,0,0,0,0,0,0,0,,0,20,13,129,9.92,0,0,0,0,,,13,25.9,28.9,19.4,,70,
364,Pharoh Cooper*+,LAR,WR,22,16,1,0,0,0,0,0,1,6,6,0,19,11,84,7.64,0,3,1,1,,,13,24,25,18.5,,140,
365,C.J. Fiedorowicz,HOU,TE,26,5,5,0,0,0,0,0,0,0,,0,22,14,127,9.07,0,0,0,0,,,13,26.7,29.7,19.7,,72,
366,Jeremy Hill,CIN,RB,25,7,7,0,0,0,0,0,37,116,3.14,0,4,4,16,4,0,1,0,0,,,13,17.2,20.2,15.2,,104,
367,Josh Malone,CIN,WR,21,11,7,0,0,0,0,0,2,2,1,0,17,6,63,10.5,1,0,0,1,,,13,18.5,18.5,15.5,,142,
368,Roosevelt Nix*,PIT,RB,25,16,4,0,0,0,0,0,3,0,0,1,3,2,6,3,1,0,0,2,,,13,14.6,14.6,13.6,,105,
369,Logan Thomas,BUF,TE,26,12,2,0,0,0,0,0,0,0,,0,9,7,67,9.57,1,0,0,1,,,13,19.7,19.7,16.2,,71,
370,Fozzy Whittaker,CAR,RB,28,12,0,0,0,0,0,0,7,18,2.57,0,6,5,47,9.4,1,0,0,1,,,13,17.5,17.5,15,,106,
371,Maxx Williams,BAL,TE,23,11,8,0,0,0,0,0,2,6,3,0,18,15,86,5.73,1,1,1,1,,,13,28.2,29.2,20.7,,69,
372,Marvin Hall,ATL,WR,24,8,0,0,0,0,0,0,0,0,,0,9,2,60,30,1,0,0,1,,,12,14,14,13,,144,
373,Maurice Harris,WAS,WR,25,6,0,0,0,0,0,0,0,0,,0,6,4,62,15.5,1,0,0,1,,,12,16.2,16.2,14.2,,143,
374,Terron Ward,ATL,RB,25,14,0,0,0,0,0,0,30,129,4.3,0,3,3,14,4.67,0,1,1,0,,,12,15.3,19.3,13.8,,107,
375,Brandon Williams,IND,TE,30,14,10,0,0,0,0,0,0,0,,0,17,13,121,9.31,0,0,0,0,,,12,25.1,28.1,18.6,,73,
376,Lance Dunbar,LAR,RB,27,4,0,0,0,0,0,0,11,51,4.64,1,3,1,1,1,0,0,0,1,,,11,12.2,12.2,11.7,,109,
377,Trey Edmunds,NOR,RB,23,16,0,0,0,0,0,0,9,48,5.33,1,0,0,0,,0,0,0,1,,,11,10.8,10.8,10.8,,113,
378,De'Angelo Henderson,DEN,RB,25,5,0,0,0,0,0,0,7,13,1.86,0,2,2,36,18,1,0,0,1,,,11,12.9,12.9,11.9,,112,
379,Michael Hoomanawanui,NOR,TE,29,14,10,0,0,0,0,0,0,0,,0,10,6,52,8.67,1,0,0,1,,,11,17.2,17.2,14.2,,74,
380,Andy Janovich,DEN,RB,24,16,4,0,0,0,0,0,6,12,2,1,6,4,35,8.75,0,0,0,1,,,11,14.7,14.7,12.7,,114,
381,Branden Oliver,LAC,RB,26,8,0,0,0,0,0,0,35,83,2.37,0,11,6,26,4.33,0,0,0,0,,,11,16.9,16.9,13.9,,111,
382,C.J. Prosise,SEA,RB,23,5,0,0,0,0,0,0,11,23,2.09,0,11,6,87,14.5,0,0,0,0,,,11,17,17,14,,110,
383,Hunter Sharp,2TM,WR,23,3,1,0,0,0,0,0,0,0,,0,9,5,54,10.8,1,0,0,1,,,11,16.4,16.4,13.9,,145,
384,Darren Sproles,PHI,RB,34,3,0,0,0,0,0,0,15,61,4.07,0,12,7,73,10.43,0,1,1,0,,,11,18.4,19.4,14.9,,108,
385,ArDarius Stewart,NYJ,WR,24,15,2,0,0,0,0,0,7,27,3.86,0,13,6,82,13.67,0,0,0,0,,,11,16.9,16.9,13.9,,146,
386,Zach Line,NOR,RB,27,12,4,0,0,0,0,0,7,28,4,0,5,2,8,4,1,0,0,1,,,10,11.6,11.6,10.6,,115,
387,Patrick Mahomes,KAN,QB,22,1,1,22,35,284,0,1,7,10,1.43,0,0,0,0,,0,0,0,0,,,10,10.4,11.4,11.4,,52,
388,Ryan Mallett,BAL,QB,29,2,0,9,16,56,2,0,4,-3,-0.75,0,0,0,0,,0,1,0,0,,,10,9.9,9.9,9.9,,53,
389,Freddie Martino,TAM,WR,26,8,0,0,0,0,0,0,0,0,,0,6,5,96,19.2,0,0,0,0,,,10,14.6,14.6,12.1,,149,
390,Niles Paul,WAS,TE,28,14,8,0,0,0,0,0,2,4,2,0,19,13,94,7.23,0,0,0,0,,,10,22.8,22.8,16.3,,77,
391,Nathan Peterman,BUF,QB,23,4,2,24,49,252,2,5,7,23,3.29,0,0,0,0,,0,2,0,0,,,10,10.4,15.4,15.4,,51,
392,Travis Rudolph,NYG,WR,22,7,1,0,0,0,0,0,0,0,,0,21,8,101,12.63,0,0,0,0,,,10,18.1,21.1,14.1,,147,
393,Geno Smith,NYG,QB,27,2,1,21,36,212,1,0,4,12,3,0,0,0,0,,0,2,2,0,,,10,9.7,11.7,9.7,,54,
394,Jaelen Strong,2TM,WR,23,2,0,0,0,0,0,0,0,0,,0,4,3,38,12.67,1,0,0,1,,,10,12.8,12.8,11.3,,148,
395,Phillip Supernaw,TEN,TE,27,16,3,0,0,0,0,0,0,0,,0,6,4,39,9.75,1,0,0,1,,,10,13.9,13.9,11.9,,76,
396,Austin Traylor,DEN,TE,24,7,3,0,0,0,0,0,0,0,,0,13,8,100,12.5,0,0,0,0,,,10,18,21,14,,75,
397,Mike Williams,LAC,WR,23,10,1,0,0,0,0,0,0,0,,0,23,11,95,8.64,0,0,0,0,,,10,20.5,20.5,15,,150,
398,Jerell Adams,NYG,TE,25,16,1,0,0,0,0,0,0,0,,0,11,8,92,11.5,0,0,0,0,,,9,17.2,17.2,13.2,,79,
399,Xavier Grimble,PIT,TE,25,15,2,0,0,0,0,0,0,0,,0,9,5,32,6.4,1,0,0,1,,,9,14.2,14.2,11.7,,78,
400,Chad Hansen,NYJ,WR,22,15,1,0,0,0,0,0,0,0,,0,17,9,94,10.44,0,0,0,0,,,9,18.4,18.4,13.9,,151,
401,Landry Jones,PIT,QB,28,3,1,23,28,239,1,1,8,-10,-1.25,0,0,0,0,,0,1,1,0,,,9,8.6,10.6,9.6,,55,
402,Luke Stocker,2TM,TE,29,12,5,0,0,0,0,0,0,0,,0,5,4,30,7.5,1,0,0,1,,,9,13,13,11,,80,
403,Ryan Switzer,DAL,WR,23,16,0,0,0,0,0,0,4,5,1.25,0,7,6,41,6.83,0,1,1,1,,,9,14.6,15.6,11.6,,154,
404,Mike Thomas,LAR,WR,23,8,1,0,0,0,0,0,0,0,,0,7,5,93,18.6,0,1,0,0,,,9,14.3,14.3,11.8,,152,
405,Jesus Wilson,TAM,WR,22,3,1,0,0,0,0,0,3,8,2.67,0,1,1,18,18,1,0,0,1,,,9,9.6,9.6,9.1,,153,
406,Zach Zenner,DET,RB,26,8,0,0,0,0,0,0,14,26,1.86,1,1,0,0,,0,0,0,1,,,9,8.6,8.6,8.6,,116,
407,Trevor Davis,GNB,WR,24,16,0,0,0,0,0,0,2,13,6.5,0,7,5,70,14,0,0,0,0,,,8,13.3,13.3,10.8,,158,
408,Michael Floyd,MIN,WR,28,11,1,0,0,0,0,0,0,0,,0,17,10,78,7.8,0,0,0,0,,,8,17.8,17.8,12.8,,159,
409,Justin Hunter,PIT,WR,26,7,1,0,0,0,0,0,0,0,,0,10,4,23,5.75,1,0,0,1,,,8,12.3,12.3,10.3,,157,
410,Breshad Perriman,BAL,WR,24,11,3,0,0,0,0,0,0,0,,0,35,10,77,7.7,0,0,0,0,,,8,17.7,17.7,12.7,,160,
411,Brian Quick,WAS,WR,28,11,1,0,0,0,0,0,0,0,,0,8,6,76,12.67,0,0,0,0,,,8,13.6,13.6,10.6,,161,
412,Bobby Rainey,BAL,RB,30,4,0,0,0,0,0,0,1,2,2,0,7,5,18,3.6,0,0,0,1,,,8,13,13,10.5,,117,
413,Lee Smith,OAK,TE,30,16,9,0,0,0,0,0,0,0,,0,11,8,76,9.5,0,0,0,0,,,8,15.6,15.6,11.6,,84,
414,Neal Sterling,NYJ,TE,25,11,1,0,0,0,0,0,0,0,,0,10,6,82,13.67,0,0,0,0,,,8,14.2,14.2,11.2,,81,
415,Nate Sudfeld,PHI,QB,24,1,0,19,23,134,0,0,1,22,22,0,0,0,0,,0,0,0,0,,,8,7.6,7.6,7.6,,56,
416,Chris Thompson,HOU,WR,23,13,0,0,0,0,0,0,0,0,,0,6,5,84,16.8,0,3,0,0,,,8,13.4,13.4,10.9,,156,
417,Ross Travis,2TM,TE,24,15,3,0,0,0,0,0,0,0,,0,17,7,76,10.86,0,1,0,0,,,8,14.6,14.6,11.1,,83,
418,Clive Walford,OAK,TE,26,13,0,0,0,0,0,0,0,0,,0,13,9,80,8.89,0,0,0,0,,,8,17,17,12.5,,82,
419,Kasen Williams,CLE,WR,25,7,2,0,0,0,0,0,0,0,,0,18,9,84,9.33,0,0,0,0,,,8,17.4,17.4,12.9,,155,
420,Brandon Bolden,NWE,RB,27,16,0,0,0,0,0,0,13,67,5.15,0,4,1,7,7,0,0,0,0,,,7,8.4,8.4,7.9,,118,
421,Derek Carrier,LAR,TE,27,14,3,0,0,0,0,0,0,0,,0,11,8,71,8.88,0,0,0,0,,,7,15.1,15.1,11.1,,86,
422,Leonte Carroo,MIA,WR,23,14,0,0,0,0,0,0,0,0,,0,12,7,69,9.86,0,0,0,0,,,7,13.9,13.9,10.4,,167,
423,Sammie Coates,CLE,WR,24,12,1,0,0,0,0,0,0,0,,0,11,6,70,11.67,0,0,0,0,,,7,13,13,10,,165,
424,Amara Darboh,SEA,WR,23,16,0,0,0,0,0,0,0,0,,0,13,8,71,8.88,0,0,0,0,,,7,15.1,15.1,11.1,,164,
425,Brittan Golden,ARI,WR,29,13,0,0,0,0,0,0,0,0,,0,9,5,70,14,0,0,0,0,,,7,12,12,9.5,,166,
426,Brian Hill,2TM,RB,22,7,0,0,0,0,0,0,11,37,3.36,0,2,2,36,18,0,0,0,0,,,7,9.3,9.3,8.3,,119,
427,David Johnson,ARI,RB,26,1,1,0,0,0,0,0,11,23,2.09,0,9,6,67,11.17,0,2,1,0,,,7,13,14,10,,120,
428,Tre Madden,SEA,RB,24,8,3,0,0,0,0,0,0,0,,0,2,2,65,32.5,0,0,0,0,,,7,8.5,8.5,7.5,,122,
429,Byron Marshall,WAS,RB,23,4,0,0,0,0,0,0,9,32,3.56,0,8,6,36,6,0,0,0,0,,,7,12.8,12.8,9.8,,121,
430,Tanner McEvoy,SEA,WR,24,15,0,0,1,0,0,1,0,0,,0,9,5,113,22.6,0,1,1,0,,,7,12.3,17.3,10.8,,162,
431,Willie Snead,NOR,WR,25,11,7,0,0,0,0,0,0,0,,0,16,8,92,11.5,0,1,1,0,,,7,15.2,16.2,11.2,,163,
432,Jeremy Sprinkle,WAS,TE,23,11,5,0,0,0,0,0,0,0,,0,3,2,13,6.5,1,0,0,1,,,7,9.3,9.3,8.3,,85,
433,Bryce Treggs,CLE,WR,23,6,1,0,0,0,0,0,1,6,6,0,18,5,79,15.8,0,1,1,0,,,7,11.5,12.5,9,,168,
434,Alan Cross,TAM,TE,24,8,4,0,0,0,0,0,0,0,,0,6,5,58,11.6,0,0,0,0,,,6,10.8,10.8,8.3,,89,
435,Jalston Fowler,TEN,RB,27,10,1,0,0,0,0,0,2,4,2,1,1,0,0,,0,0,0,1,,,6,6.4,6.4,6.4,,123,
436,Ben Koyack,JAX,TE,24,16,3,0,0,0,0,0,0,0,,0,7,5,38,7.6,0,0,0,0,1,,6,10.8,10.8,8.3,,88,
437,Vince Mayle,BAL,TE,26,16,0,0,0,0,0,0,2,2,1,1,1,0,0,,0,0,0,1,,,6,6.2,6.2,6.2,,87,
438,Dwayne Washington,DET,RB,23,5,0,0,0,0,0,0,20,44,2.2,0,2,2,14,7,0,0,0,0,,,6,7.8,7.8,6.8,,125,
439,Derek Watt,LAC,RB,25,16,4,0,0,0,0,0,6,24,4,0,3,2,35,17.5,0,0,0,0,,,6,7.9,7.9,6.9,,124,
440,Chad Williams,ARI,WR,23,6,1,0,0,0,0,0,2,33,16.5,0,7,3,31,10.33,0,0,0,0,,,6,9.4,9.4,7.9,,169,
441,Orson Charles,KAN,TE,26,5,0,0,0,0,0,0,0,0,,0,2,2,53,26.5,0,0,0,0,,,5,7.3,7.3,6.3,,90,
442,Tyler Eifert,CIN,TE,27,2,0,0,0,0,0,0,0,0,,0,5,4,46,11.5,0,0,0,0,,,5,8.6,8.6,6.6,,92,
443,Tyler Ervin,HOU,RB,24,4,0,0,0,0,0,0,4,12,3,0,11,8,38,4.75,0,0,0,0,,,5,13,13,9,,128,
444,Jacob Hollister,NWE,TE,24,15,1,0,0,0,0,0,1,5,5,0,11,4,42,10.5,0,0,0,0,,,5,8.7,8.7,6.7,,91,
445,Akeem Hunt,KAN,RB,24,15,0,0,0,0,0,0,8,23,2.88,0,7,4,31,7.75,0,0,0,0,,,5,9.4,9.4,7.4,,126,
446,Sean Mannion,LAR,QB,25,5,1,22,37,185,0,0,9,-2,-0.22,0,0,0,0,,0,2,1,0,,,5,5.2,6.2,5.2,,57,
447,Sean McGrath,LAC,TE,30,15,6,0,0,0,0,0,0,0,,0,4,4,46,11.5,0,0,0,0,,,5,8.6,8.6,6.6,,93,
448,Ifeanyi Momah,ARI,TE,28,9,2,0,0,0,0,0,0,0,,0,2,1,46,46,0,0,0,0,,,5,5.6,5.6,5.1,,95,
449,Marcus Murphy,BUF,RB,26,1,0,0,0,0,0,0,7,41,5.86,0,2,2,7,3.5,0,0,0,0,,,5,6.8,6.8,5.8,,129,
450,Aaron Ripkowski,GNB,RB,25,16,2,0,0,0,0,0,5,13,2.6,0,10,7,39,5.57,0,0,0,0,,,5,12.2,12.2,8.7,,127,
451,Michael Roberts,DET,TE,23,15,3,0,0,0,0,0,0,0,,0,7,4,46,11.5,0,0,0,0,,,5,8.6,8.6,6.6,,94,
452,Joe Webb,BUF,QB,31,16,0,2,7,35,0,1,8,54,6.75,0,0,0,0,,0,0,0,0,,,5,4.8,5.8,5.8,,58,
453,Markus Wheaton,CHI,WR,26,11,0,0,0,0,0,0,0,0,,0,17,3,51,17,0,0,0,0,,,5,8.1,8.1,6.6,,170,
454,Jared Abbrederis,DET,WR,27,7,0,0,0,0,0,0,0,0,,0,7,3,44,14.67,0,0,0,0,,,4,7.4,7.4,5.9,,171,
455,Blake Bell,MIN,TE,26,13,3,0,0,0,0,0,0,0,,0,4,3,19,6.33,0,0,0,0,1,,4,6.9,6.9,5.4,,96,
456,Quan Bray,IND,WR,24,9,0,0,0,0,0,0,0,0,,0,4,3,39,13,0,1,0,0,,,4,6.9,6.9,5.4,,173,
457,Mack Brown,2TM,RB,26,4,0,0,0,0,0,0,8,29,3.63,0,1,1,11,11,0,0,0,0,,,4,5,5,4.5,,132,
458,Michael Clark,GNB,WR,22,2,0,0,0,0,0,0,0,0,,0,14,4,41,10.25,0,0,0,0,,,4,8.1,8.1,6.1,,172,
459,Matthew Dayes,CLE,RB,23,16,0,0,0,0,0,0,5,13,2.6,0,5,4,29,7.25,0,0,0,0,,,4,8.2,8.2,6.2,,131,
460,James Develin*,NWE,RB,29,16,7,0,0,0,0,0,0,0,,0,10,6,38,6.33,0,0,0,0,,,4,9.8,9.8,6.8,,133,
461,Tanner Gentry,CHI,WR,23,4,3,0,0,0,0,0,0,0,,0,6,3,35,11.67,0,0,0,0,,,4,6.5,6.5,5,,175,
462,Bernard Reedy,2TM,WR,26,11,0,0,0,0,0,0,3,17,5.67,0,2,2,21,10.5,0,1,0,0,,,4,5.8,5.8,4.8,,174,
463,Randall Telfer,CLE,TE,25,16,14,0,0,0,0,0,0,0,,0,4,3,36,12,0,0,0,0,,,4,6.6,6.6,5.1,,98,
464,Lawrence Thomas,NYJ,RB,24,14,4,0,0,0,0,0,2,1,0.5,0,7,6,43,7.17,0,0,0,0,,,4,10.4,10.4,7.4,,130,
465,Will Tye,NYJ,TE,26,3,1,0,0,0,0,0,0,0,,0,6,4,38,9.5,0,0,0,0,,,4,7.8,7.8,5.8,,97,
466,Antony Auclair,TAM,TE,24,8,3,0,0,0,0,0,0,0,,0,2,2,25,12.5,0,0,0,0,,,3,4.5,4.5,3.5,,101,
467,Noah Brown,DAL,WR,21,13,1,0,0,0,0,0,0,0,,0,9,4,33,8.25,0,0,0,0,,,3,7.3,7.3,5.3,,176,
468,Emanuel Byrd,GNB,TE,23,1,0,0,0,0,0,0,0,0,,0,2,2,31,15.5,0,0,0,0,,,3,5.1,5.1,4.1,,99,
469,Derrick Coleman,ATL,RB,27,16,7,0,0,0,0,0,2,8,4,0,7,2,20,10,0,0,0,0,,,3,4.8,4.8,3.8,,137,
470,Darrell Daniels,IND,TE,23,12,3,0,0,0,0,0,0,0,,0,13,3,26,8.67,0,0,0,0,,,3,5.6,5.6,4.1,,100,
471,Patrick DiMarco,BUF,RB,28,16,9,0,0,0,0,0,2,-2,-1,0,10,7,28,4,0,0,0,0,,,3,9.6,9.6,6.1,,140,
472,Marcus Johnson,PHI,WR,23,10,0,0,0,0,0,0,0,0,,0,8,5,45,9,0,1,1,0,,,3,7.5,8.5,5,,181,
473,Cody Kessler,CLE,QB,24,3,0,11,23,126,0,1,1,-1,-1,0,0,0,0,,0,0,0,0,,,3,2.9,3.9,3.9,,59,
474,Jordan Leslie,CLE,WR,26,2,0,0,0,0,0,0,0,0,,0,1,1,26,26,0,0,0,0,,,3,3.6,3.6,3.1,,179,
475,Chris Matthews,BAL,WR,28,6,0,0,0,0,0,0,0,0,,0,6,3,25,8.33,0,0,0,0,,,3,5.5,5.5,4,,180,
476,A.J. McCarron,CIN,QB,27,3,0,7,14,66,0,0,0,0,,0,0,0,0,,0,0,0,0,,,3,2.6,2.6,2.6,,60,
477,Jojo Natson,NYJ,WR,23,7,0,0,0,0,0,0,1,15,15,0,5,2,18,9,0,1,0,0,,,3,5.3,5.3,4.3,,177,
478,Senorise Perry,MIA,RB,26,16,0,0,0,0,0,0,8,30,3.75,0,1,1,3,3,0,0,0,0,,,3,4.3,4.3,3.8,,135,
479,Jay Prosch,HOU,RB,25,16,5,0,0,0,0,0,0,0,,0,4,4,31,7.75,0,0,0,0,,,3,7.1,7.1,5.1,,136,
480,De'Veon Smith,MIA,RB,23,5,0,0,0,0,0,0,0,0,,0,3,3,27,9,0,0,0,0,,,3,5.7,5.7,4.2,,138,
481,Keith Smith,DAL,RB,25,16,3,0,0,0,0,0,0,0,,0,5,5,26,5.2,0,0,0,0,,,3,7.6,7.6,5.1,,139,
482,Geoff Swaim,DAL,TE,24,15,2,0,0,0,0,0,0,0,,0,2,2,25,12.5,0,0,0,0,,,3,4.5,4.5,3.5,,102,
483,Fitzgerald Toussaint,PIT,RB,27,6,0,0,0,0,0,0,6,25,4.17,0,3,2,9,4.5,0,0,0,0,,,3,5.4,5.4,4.4,,134,
484,Andre Williams,LAC,RB,25,8,0,0,0,0,0,0,9,25,2.78,0,0,0,0,,0,0,0,0,,,3,2.5,2.5,2.5,,141,
485,Nick Williams,ATL,WR,27,1,0,0,0,0,0,0,0,0,,0,4,3,30,10,0,0,0,0,,,3,6,6,4.5,,178,
486,Michael Burton,CHI,RB,25,16,3,0,0,0,0,0,4,9,2.25,0,4,2,8,4,0,0,0,0,,,2,3.7,3.7,2.7,,146,
487,Matt Cassel,TEN,QB,35,2,1,25,42,162,1,2,0,0,,0,0,0,0,,0,2,2,0,,,2,2.5,6.5,4.5,,61,
488,Jehu Chesson,KAN,WR,24,12,1,0,0,0,0,0,0,0,,0,4,2,18,9,0,0,0,0,,,2,3.8,3.8,2.8,,184,
489,Josh Ferguson,IND,RB,24,10,0,0,0,0,0,0,1,5,5,0,4,3,16,5.33,0,0,0,0,,,2,5.1,5.1,3.6,,144,
490,David Fluellen,TEN,RB,25,16,0,0,0,0,0,0,4,21,5.25,0,1,0,0,,0,0,0,0,,,2,2.1,2.1,2.1,,143,
491,MarQueis Gray,MIA,TE,28,16,0,0,1,0,0,0,5,14,2.8,0,3,1,10,10,0,0,0,0,,,2,3.4,3.4,2.9,,103,
492,Ryan Hewitt,CIN,RB,26,13,4,0,0,0,0,0,0,0,,0,2,2,22,11,0,0,0,0,,,2,4.2,4.2,3.2,,142,
493,Cole Hikutini,SFO,TE,23,4,0,0,0,0,0,0,0,0,,0,3,2,15,7.5,0,0,0,0,,,2,3.5,3.5,2.5,,105,
494,Chris Manhertz,CAR,TE,25,16,4,0,0,0,0,0,0,0,,0,4,2,17,8.5,0,0,0,0,,,2,3.7,3.7,2.7,,104,
495,Allen Robinson,JAX,WR,24,1,1,0,0,0,0,0,0,0,,0,1,1,17,17,0,0,0,0,,,2,2.7,2.7,2.2,,185,
496,Danny Vitale,CLE,RB,24,15,6,0,0,0,0,0,0,0,,0,5,3,19,6.33,0,0,0,0,,,2,4.9,4.9,3.4,,145,
497,Griff Whalen,BAL,WR,27,2,0,0,0,0,0,0,0,0,,0,6,4,23,5.75,0,0,0,0,,,2,6.3,6.3,4.3,,183,
498,DeAndrew White,HOU,WR,26,2,1,0,0,0,0,0,0,0,,0,7,1,24,24,0,1,0,0,,,2,3.4,3.4,2.9,,182,
499,Arrelious Benn,JAX,WR,29,9,0,0,0,0,0,0,0,0,,0,2,1,12,12,0,0,0,0,,,1,2.2,2.2,1.7,,188,